Time,Price,Volume,Value,Reason,Condition Code,Trade No,DS
"17:02:40","1286","36,164","465,069","BID","","3573360","JSE",
"17:02:40","1286","20,192","259,669","BID","","3573350","JSE",
"17:02:40","1286","15,219","195,716","BID","","3573340","JSE",
"17:02:40","1286","48,145","619,145","BID","","3573330","JSE",
"17:00:40","1286","0","0","-","UT","3531174","JSE",
"17:00:40","1286","2,029,459","26,098,843","MATCH","","3531170","JSE",
"16:49:55","1286","142","1,826","ASK","","3462720","JSE",
"16:49:50","1286","610","7,845","ASK","","3461410","JSE",
"16:49:50","1285","754","9,689","ASK","","3461340","JSE",
"16:49:30","1286","45","579","ASK","","3455360","JSE",
"16:49:16","1286","206","2,649","ASK","","3451640","JSE",
"16:49:13","1286","250","3,215","ASK","","3450540","JSE",
"16:49:12","1287","334","4,299","ASK","","3450360","JSE",
"16:49:12","1287","7,170","92,278","ASK","","3450350","JSE",
"16:49:12","1287","215","2,767","ASK","","3450340","JSE",
"16:49:12","1287","8,679","111,699","ASK","","3450100","JSE",
"16:49:08","1287","3,057","39,344","ASK","","3448680","JSE",
"16:49:08","1287","148","1,905","BID","","3448670","JSE",
"16:49:08","1287","1,965","25,290","BID","","3448660","JSE",
"16:49:02","1287","2,937","37,799","ASK","","3447260","JSE",
"16:48:36","1288","5,425","69,874","BID","","3438200","JSE",
"16:48:34","1286","255","3,279","BID","","3437630","JSE",
"16:48:12","1285","445","5,718","ASK","","3431440","JSE",
"16:48:11","1285","94","1,208","ASK","","3431310","JSE",
"16:48:11","1285","199","2,557","ASK","","3431300","JSE",
"16:48:11","1286","336","4,321","BID","","3431180","JSE",
"16:48:11","1285","2,014","25,880","ASK","","3431170","JSE",
"16:48:10","1286","1","13","BID","","3430990","JSE",
"16:48:10","1286","349","4,488","ASK","","3430980","JSE",
"16:48:10","1286","8,403","108,063","ASK","","3430970","JSE",
"16:48:06","1286","224","2,881","ASK","","3430260","JSE",
"16:48:06","1289","11,006","141,867","BID","","3430150","JSE",
"16:47:49","1286","46","592","ASK","","3425160","JSE",
"16:47:06","1286","3,000","38,580","ASK","","3414700","JSE",
"16:47:06","1286","3,400","43,724","ASK","","3414690","JSE",
"16:46:54","1288","2,764","35,600","BID","","3411080","JSE",
"16:46:54","1288","7,403","95,351","BID","","3411070","JSE",
"16:46:51","1286","492","6,327","BID","","3409540","JSE",
"16:46:50","1286","508","6,533","BID","","3409460","JSE",
"16:46:44","1285","1","13","ASK","","3408420","JSE",
"16:46:12","1285","458","5,885","ASK","","3402050","JSE",
"16:45:14","1287","3,832","49,318","BID","","3389480","JSE",
"16:45:14","1287","2,102","27,053","BID","","3389470","JSE",
"16:45:14","1287","5,230","67,310","BID","","3389460","JSE",
"16:41:53","1287","3,625","46,654","BID","","3346670","JSE",
"16:41:53","1287","141","1,815","BID","","3346660","JSE",
"16:41:53","1287","5,257","67,658","BID","","3346650","JSE",
"16:41:53","1287","3,600","46,332","BID","","3346640","JSE",
"16:41:53","1287","2,352","30,270","BID","","3346630","JSE",
"16:41:53","1287","1,051","13,526","BID","","3346620","JSE",
"16:41:53","1287","2,289","29,459","BID","","3346610","JSE",
"16:41:40","1287","171","2,201","BID","","3343470","JSE",
"16:41:40","1286","10,249","131,802","BID","","3343440","JSE",
"16:41:40","1286","4,581","58,912","BID","","3343400","JSE",
"16:41:40","1286","594","7,639","BID","","3343390","JSE",
"16:41:40","1286","26,216","337,138","BID","","3343380","JSE",
"16:41:40","1286","8,831","113,567","BID","","3343370","JSE",
"16:41:12","1285","457","5,872","BID","","3336190","JSE",
"16:41:09","1285","1,372","17,630","ASK","","3334250","JSE",
"16:41:09","1285","1,865","23,965","ASK","","3334240","JSE",
"16:41:09","1285","967","12,426","ASK","","3334230","JSE",
"16:40:06","1286","2,621","33,706","ASK","","3315150","JSE",
"16:39:03","1287","1,888","24,299","BID","","3297280","JSE",
"16:39:03","1287","2,131","27,426","BID","","3297270","JSE",
"16:39:03","1287","4,873","62,716","BID","","3297260","JSE",
"16:39:03","1287","3,400","43,758","BID","","3297250","JSE",
"16:38:40","1286","384","4,938","ASK","","3292570","JSE",
"16:38:15","1286","96","1,235","ASK","","3285610","JSE",
"16:38:14","1286","214","2,752","ASK","","3285500","JSE",
"16:38:09","1286","620","7,973","ASK","","3283950","JSE",
"16:38:08","1286","110","1,415","ASK","","3283190","JSE",
"16:38:08","1286","1,233","15,856","ASK","","3283180","JSE",
"16:38:06","1286","1,276","16,409","ASK","","3282920","JSE",
"16:38:06","1286","2","26","ASK","","3282910","JSE",
"16:38:05","1286","5","64","ASK","","3282550","JSE",
"16:38:03","1286","13","167","ASK","","3282290","JSE",
"16:38:02","1286","45","579","ASK","","3282100","JSE",
"16:37:49","1286","88","1,132","ASK","","3279320","JSE",
"16:37:47","1286","264","3,395","ASK","","3279010","JSE",
"16:37:47","1286","2","26","ASK","","3279000","JSE",
"16:37:00","1286","10","129","ASK","","3267610","JSE",
"16:36:58","1286","31","399","ASK","","3266730","JSE",
"16:36:57","1286","49","630","ASK","","3266220","JSE",
"16:36:56","1286","154","1,980","ASK","","3265970","JSE",
"16:36:13","1286","151","1,942","BID","","3255920","JSE",
"16:36:13","1286","1,700","21,862","BID","","3255910","JSE",
"16:36:13","1286","2,049","26,350","BID","","3255900","JSE",
"16:34:25","1286","2,700","34,722","BID","","3221250","JSE",
"16:32:29","1285","1,359","17,463","ASK","","3187660","JSE",
"16:32:28","1285","1,296","16,654","ASK","","3186850","JSE",
"16:32:28","1285","1,196","15,369","ASK","","3186840","JSE",
"16:32:28","1285","1,297","16,666","ASK","","3186810","JSE",
"16:31:13","1284","962","12,352","ASK","","3157690","JSE",
"16:31:10","1285","972","12,490","BID","","3156890","JSE",
"16:31:10","1285","364","4,677","BID","","3156880","JSE",
"16:31:10","1285","8,112","104,239","BID","","3156790","JSE",
"16:31:10","1285","1,049","13,480","BID","","3156780","JSE",
"16:31:10","1285","3,936","50,578","BID","","3156760","JSE",
"16:31:10","1285","2,800","35,980","BID","","3156750","JSE",
"16:31:10","1285","2,700","34,695","BID","","3156740","JSE",
"16:31:09","1284","8,025","103,041","ASK","","3156600","JSE",
"16:31:09","1284","2,213","28,415","ASK","","3156590","JSE",
"16:31:09","1284","2,229","28,620","ASK","","3156580","JSE",
"16:31:09","1284","3,000","38,520","ASK","","3156570","JSE",
"16:31:09","1284","4,920","63,173","ASK","","3156560","JSE",
"16:31:09","1284","799","10,259","ASK","","3156550","JSE",
"16:31:09","1285","438","5,628","ASK","","3156500","JSE",
"16:31:09","1285","186","2,390","ASK","","3156460","JSE",
"16:31:09","1285","399","5,127","ASK","","3156450","JSE",
"16:31:09","1285","1,427","18,337","ASK","","3156440","JSE",
"16:30:13","1286","5,821","74,858","BID","","3130700","JSE",
"16:30:13","1286","1,602","20,602","BID","","3130690","JSE",
"16:28:58","1286","984","12,654","ASK","","3114820","JSE",
"16:28:58","1286","1,252","16,101","ASK","","3114810","JSE",
"16:27:27","1287","1,632","21,004","BID","","3100690","JSE",
"16:27:20","1286","126","1,620","ASK","","3099090","JSE",
"16:27:20","1286","1,766","22,711","ASK","","3099080","JSE",
"16:26:54","1286","25","322","ASK","","3094680","JSE",
"16:26:11","1286.5","1,048","13,483","-","XT","3090030","JSE",
"16:25:58","1286","24","309","ASK","","3087530","JSE",
"16:25:56","1287","9,905","127,477","ASK","","3087220","JSE",
"16:25:56","1287","2,679","34,479","ASK","","3087210","JSE",
"16:25:56","1287","1,716","22,085","ASK","","3087200","JSE",
"16:25:12","1288","2,213","28,503","ASK","","3079260","JSE",
"16:25:12","1288","2,020","26,018","ASK","","3079250","JSE",
"16:25:12","1288","2,471","31,826","ASK","","3079240","JSE",
"16:24:36","1289","2,213","28,526","BID","","3069050","JSE",
"16:24:33","1288","1,808","23,287","ASK","","3068210","JSE",
"16:24:33","1288","6,727","86,644","BID","","3068160","JSE",
"16:24:33","1288","2,624","33,797","BID","","3068150","JSE",
"16:23:57","1288","1","13","BID","","3057830","JSE",
"16:23:57","1288","2","26","BID","","3057820","JSE",
"16:23:57","1288","3","39","BID","","3057800","JSE",
"16:23:57","1288","7","90","BID","","3057790","JSE",
"16:23:57","1288","14","180","BID","","3057780","JSE",
"16:23:57","1288","28","361","BID","","3057770","JSE",
"16:23:57","1288","58","747","BID","","3057760","JSE",
"16:23:57","1288","117","1,507","BID","","3057750","JSE",
"16:23:57","1288","240","3,091","BID","","3057740","JSE",
"16:23:57","1288","489","6,298","BID","","3057730","JSE",
"16:23:57","1288","998","12,854","BID","","3057720","JSE",
"16:23:18","1287","1,309","16,847","ASK","","3046950","JSE",
"16:23:17","1287","2,563","32,986","ASK","","3046740","JSE",
"16:23:17","1288","36","464","BID","","3046730","JSE",
"16:23:17","1287","111","1,429","ASK","","3046710","JSE",
"16:23:16","1287","186","2,394","BID","","3046670","JSE",
"16:23:16","1287","749","9,640","BID","","3046660","JSE",
"16:21:23","1287","1","13","BID","","3024860","JSE",
"16:21:23","1287","2","26","BID","","3024840","JSE",
"16:21:23","1287","3","39","BID","","3024830","JSE",
"16:21:23","1287","7","90","BID","","3024820","JSE",
"16:21:23","1287","14","180","BID","","3024810","JSE",
"16:21:23","1287","29","373","BID","","3024800","JSE",
"16:21:23","1287","59","759","BID","","3024790","JSE",
"16:21:23","1287","120","1,544","BID","","3024780","JSE",
"16:21:23","1287","245","3,153","BID","","3024770","JSE",
"16:21:23","1287","465","5,985","BID","","3024760","JSE",
"16:21:23","1287","34","438","BID","","3024750","JSE",
"16:21:11","1286","10","129","BID","","3022570","JSE",
"16:19:47","1286","1,713","22,029","BID","","3008870","JSE",
"16:19:47","1286","500","6,430","BID","","3008860","JSE",
"16:19:47","1285","3,105","39,899","BID","","3008820","JSE",
"16:19:47","1285","276","3,547","BID","","3008810","JSE",
"16:19:47","1285","564","7,247","ASK","","3008800","JSE",
"16:19:04","1285","2,243","28,823","ASK","","2999830","JSE",
"16:19:03","1286","249","3,202","ASK","","2999370","JSE",
"16:19:03","1286","100","1,286","ASK","","2999360","JSE",
"16:19:03","1286","2,218","28,523","ASK","","2999350","JSE",
"16:18:30","1287","2,235","28,764","ASK","","2987180","JSE",
"16:18:30","1287","8,402","108,134","ASK","","2987170","JSE",
"16:18:30","1287","2,600","33,462","ASK","","2987160","JSE",
"16:18:30","1287","999","12,857","ASK","","2987150","JSE",
"16:18:28","1287","1,957","25,187","ASK","","2984340","JSE",
"16:18:26","1286","2,638","33,925","BID","","2983700","JSE",
"16:18:26","1286","2,217","28,511","BID","","2983690","JSE",
"16:17:14","1285","2,106","27,062","ASK","","2962440","JSE",
"16:17:14","1285","85","1,092","ASK","","2962430","JSE",
"16:17:14","1285","2,814","36,160","ASK","","2962420","JSE",
"16:17:14","1285","1,142","14,675","BID","","2962410","JSE",
"16:17:14","1285","2,434","31,277","BID","","2962400","JSE",
"16:16:49","1284","951","12,211","ASK","","2956370","JSE",
"16:16:18","1284","1,460","18,746","BID","","2945590","JSE",
"16:16:18","1284","2,000","25,680","BID","","2945580","JSE",
"16:16:18","1283","6","77","ASK","","2945520","JSE",
"16:16:18","1283.5","1,048","13,451","-","XT","2945490","JSE",
"16:16:15","1283","5,655","72,554","BID","","2944900","JSE",
"16:16:15","1283","2,250","28,868","BID","","2944890","JSE",
"16:16:15","1283","224","2,874","BID","","2944880","JSE",
"16:11:10","1284","2,012","25,834","BID","","2902090","JSE",
"16:10:50","1283","1,475,645","18,932,525","-","BT","1802","JSE",
"16:10:23","1283","967","12,407","-","XT","2897240","JSE",
"16:09:16","1285","2,000,000","25,700,000","-","BT","1762","JSE",
"16:09:07","1283","675","8,660","BID","","2888060","JSE",
"16:09:07","1283","1,887","24,210","BID","","2888050","JSE",
"16:09:07","1283","1,252","16,063","BID","","2888040","JSE",
"16:09:07","1283","8,370","107,387","BID","","2888030","JSE",
"16:07:41","1283","1,948","24,993","ASK","","2872210","JSE",
"16:07:41","1283","964","12,368","ASK","","2872200","JSE",
"16:06:23","1284","958","12,301","-","XT","2858830","JSE",
"16:06:03","1284","8,656","111,143","ASK","","2854450","JSE",
"16:06:03","1284","1,849","23,741","ASK","","2854440","JSE",
"16:05:37","1286","110","1,415","BID","","2848330","JSE",
"16:05:37","1286","10,371","133,371","BID","","2848320","JSE",
"16:03:33","1285","896","11,514","-","XT","2826630","JSE",
"16:02:56","1285","1","13","ASK","","2823040","JSE",
"16:02:56","1285","749","9,625","ASK","","2823030","JSE",
"16:02:38","1284","2,793","35,862","BID","","2820630","JSE",
"16:02:23","1283","948","12,163","-","XT","2817760","JSE",
"16:02:12","1283","5,062","64,945","BID","","2814580","JSE",
"16:02:12","1283","372","4,773","BID","","2814570","JSE",
"16:02:12","1283","1,802","23,120","BID","","2814560","JSE",
"16:02:12","1283","165","2,117","BID","","2814550","JSE",
"16:02:12","1283","1,800","23,094","BID","","2814540","JSE",
"16:02:12","1283","98","1,257","BID","","2814530","JSE",
"16:02:12","1283","2,504","32,126","BID","","2814440","JSE",
"15:59:48","1282","954","12,230","-","XT","2791830","JSE",
"15:58:59","1281","1,464","18,754","ASK","","2785100","JSE",
"15:58:59","1281","2,045","26,196","ASK","","2785090","JSE",
"15:58:59","1281","1,491","19,100","ASK","","2785080","JSE",
"15:58:23","1282","932","11,948","-","XT","2779560","JSE",
"15:58:08","1282","1,048","13,435","-","XT","2777220","JSE",
"15:57:58","1283","4","51","BID","","2775830","JSE",
"15:57:58","1283","7","90","BID","","2775820","JSE",
"15:57:58","1283","14","180","BID","","2775810","JSE",
"15:57:58","1283","30","385","BID","","2775800","JSE",
"15:57:57","1282","60","769","ASK","","2775720","JSE",
"15:57:56","1282","7,400","94,868","ASK","","2775580","JSE",
"15:57:56","1282","1","13","BID","","2775570","JSE",
"15:57:56","1282","802","10,282","BID","","2775560","JSE",
"15:57:56","1282","122","1,564","BID","","2775550","JSE",
"15:57:56","1282","249","3,192","BID","","2775540","JSE",
"15:56:49","1281","1,166","14,936","BID","","2761220","JSE",
"15:56:40","1280","2,947","37,722","BID","","2757130","JSE",
"15:56:40","1280","33","422","ASK","","2757120","JSE",
"15:56:39","1280","45","576","ASK","","2756680","JSE",
"15:56:36","1280","163","2,086","ASK","","2755790","JSE",
"15:56:34","1280","392","5,018","ASK","","2755470","JSE",
"15:56:33","1280","794","10,163","ASK","","2755190","JSE",
"15:56:32","1280","1,103","14,118","ASK","","2755020","JSE",
"15:56:32","1280","1,923","24,614","ASK","","2755010","JSE",
"15:56:31","1280","290","3,712","ASK","","2754660","JSE",
"15:56:31","1280","283","3,622","ASK","","2754650","JSE",
"15:56:31","1280","2,530","32,384","ASK","","2754640","JSE",
"15:56:28","1281.5","1,048","13,430","-","XT","2754100","JSE",
"15:54:58","1283","5,650","72,490","BID","","2735120","JSE",
"15:54:58","1283","1,323","16,974","BID","","2735110","JSE",
"15:54:58","1283","319","4,093","BID","","2735100","JSE",
"15:54:58","1283","2,737","35,116","BID","","2735090","JSE",
"15:54:58","1283","3,955","50,743","BID","","2735080","JSE",
"15:54:58","1283","442","5,671","BID","","2735040","JSE",
"15:54:58","1283","2,462","31,587","BID","","2735030","JSE",
"15:54:58","1283","931","11,945","BID","","2735020","JSE",
"15:54:58","1283","869","11,149","BID","","2734920","JSE",
"15:54:58","1283","3,694","47,394","BID","","2734880","JSE",
"15:54:58","1283","3,700","47,471","BID","","2734870","JSE",
"15:54:58","1283","4,661","59,801","BID","","2734860","JSE",
"15:54:58","1283","7,620","97,765","BID","","2734850","JSE",
"15:54:57","1283","5,530","70,950","BID","","2734840","JSE",
"15:54:57","1283","7,620","97,765","BID","","2734830","JSE",
"15:54:57","1282","1,740","22,307","ASK","","2734770","JSE",
"15:54:57","1282","838","10,743","ASK","","2734760","JSE",
"15:54:23","1283","913","11,714","-","XT","2727700","JSE",
"15:54:22","1284","27","347","BID","","2727200","JSE",
"15:53:22","1284","1,150","14,766","BID","","2712510","JSE",
"15:52:55","1283","2,412","30,946","BID","","2709010","JSE",
"15:52:55","1283","104","1,334","BID","","2709000","JSE",
"15:52:06","1282","103","1,320","ASK","","2698450","JSE",
"15:52:02","1283","1,940","24,890","BID","","2697210","JSE",
"15:52:02","1283","1,767","22,671","BID","","2697200","JSE",
"15:52:02","1283","506","6,492","BID","","2697190","JSE",
"15:52:02","1283","4,545","58,312","BID","","2697170","JSE",
"15:52:02","1283","2,052","26,327","ASK","","2696760","JSE",
"15:52:02","1283","276","3,541","ASK","","2696750","JSE",
"15:51:51","1284","1,248","16,024","BID","","2694540","JSE",
"15:51:13","1284","2,900","37,236","BID","","2685740","JSE",
"15:51:12","1284","6,662","85,540","BID","","2685620","JSE",
"15:51:12","1284","2,595","33,320","ASK","","2685610","JSE",
"15:51:11","1284","2,728","35,028","ASK","","2685510","JSE",
"15:50:40","1285","1,027","13,197","ASK","","2678170","JSE",
"15:50:40","1285","243","3,123","ASK","","2678160","JSE",
"15:50:40","1285","647","8,314","ASK","","2678040","JSE",
"15:50:37","1285","897","11,526","ASK","","2677420","JSE",
"15:50:37","1285","961","12,349","ASK","","2677410","JSE",
"15:50:35","1285","952","12,233","ASK","","2676870","JSE",
"15:50:35","1285","832","10,691","ASK","","2676860","JSE",
"15:50:32","1285","588","7,556","ASK","","2676230","JSE",
"15:50:32","1285","1,328","17,065","ASK","","2676220","JSE",
"15:50:31","1285","762","9,792","ASK","","2675890","JSE",
"15:50:31","1285","905","11,629","ASK","","2675880","JSE",
"15:50:31","1285","646","8,301","ASK","","2675870","JSE",
"15:50:26","1285","872","11,205","ASK","","2674500","JSE",
"15:50:26","1285","1,219","15,664","ASK","","2674490","JSE",
"15:50:25","1285","1,522","19,558","ASK","","2674230","JSE",
"15:50:25","1285","626","8,044","ASK","","2674220","JSE",
"15:50:24","1286","2,778","35,725","ASK","","2673990","JSE",
"15:50:24","1286","4,880","62,757","ASK","","2673980","JSE",
"15:50:23","1286.5","892","11,476","-","XT","2673380","JSE",
"15:49:48","1286.5","810","10,421","-","XT","2667730","JSE",
"15:48:12","1287","1,842","23,707","BID","","2650000","JSE",
"15:48:12","1287","317","4,080","BID","","2649990","JSE",
"15:48:12","1287","4,453","57,310","BID","","2649980","JSE",
"15:48:12","1287","5,000","64,350","ASK","","2649880","JSE",
"15:48:12","1287","5,000","64,350","ASK","","2649870","JSE",
"15:48:12","1287","5,000","64,350","ASK","","2649850","JSE",
"15:48:12","1287","9,563","123,076","ASK","","2649840","JSE",
"15:48:12","1287","1,011","13,012","ASK","","2649830","JSE",
"15:48:12","1287","5,000","64,350","ASK","","2649820","JSE",
"15:48:09","1288","2,800","36,064","ASK","","2648980","JSE",
"15:48:09","1289","755","9,732","BID","","2648970","JSE",
"15:48:09","1289","3,000","38,670","BID","","2648960","JSE",
"15:48:08","1287","1,959","25,212","ASK","","2648270","JSE",
"15:48:08","1287","3,041","39,138","BID","","2648260","JSE",
"15:48:08","1287","26","335","BID","","2648210","JSE",
"15:48:08","1287","3,084","39,691","BID","","2648200","JSE",
"15:48:08","1287","1,890","24,324","BID","","2648190","JSE",
"15:48:08","1287","5,000","64,350","BID","","2648140","JSE",
"15:48:07","1287","1,765","22,716","BID","","2647920","JSE",
"15:48:07","1287","3,235","41,634","BID","","2647910","JSE",
"15:48:07","1287","3,933","50,618","BID","","2647900","JSE",
"15:48:07","1287","1,067","13,732","BID","","2647890","JSE",
"15:48:07","1287","833","10,721","BID","","2647880","JSE",
"15:48:07","1287","795","10,232","BID","","2647820","JSE",
"15:48:07","1287","3,000","38,610","BID","","2647810","JSE",
"15:48:07","1287","1,205","15,508","BID","","2647800","JSE",
"15:48:07","1287","2,516","32,381","BID","","2647790","JSE",
"15:48:07","1287","1,142","14,698","BID","","2647780","JSE",
"15:48:07","1286","1,342","17,258","BID","","2647770","JSE",
"15:48:06","1286","1,833","23,572","BID","","2647650","JSE",
"15:48:06","1286","2,464","31,687","BID","","2647640","JSE",
"15:48:06","1286","703","9,041","BID","","2647630","JSE",
"15:48:06","1286","4,534","58,307","BID","","2647570","JSE",
"15:48:06","1286","466","5,993","BID","","2647560","JSE",
"15:48:06","1286","2,110","27,135","BID","","2647530","JSE",
"15:48:06","1286","927","11,921","BID","","2647520","JSE",
"15:48:06","1286","1,963","25,244","BID","","2647510","JSE",
"15:48:02","1286","1,147","14,750","BID","","2644470","JSE",
"15:48:02","1286","1,800","23,148","BID","","2644460","JSE",
"15:48:02","1286","2,327","29,925","BID","","2644450","JSE",
"15:47:38","1286","762","9,799","BID","","2637870","JSE",
"15:46:55","1285.5","869","11,171","-","XT","2626620","JSE",
"15:46:38","1285","230","2,956","ASK","","2622250","JSE",
"15:46:20","1286","1,695","21,798","ASK","","2614880","JSE",
"15:46:20","1286","5,273","67,811","ASK","","2614870","JSE",
"15:46:20","1286","2,573","33,089","ASK","","2614860","JSE",
"15:45:50","1287","1","13","BID","","2605250","JSE",
"15:45:50","1287","1","13","BID","","2605240","JSE",
"15:45:50","1287","3","39","BID","","2605230","JSE",
"15:45:50","1287","5","64","BID","","2605220","JSE",
"15:45:50","1287","10","129","BID","","2605210","JSE",
"15:45:50","1287","21","270","BID","","2605200","JSE",
"15:45:50","1287","43","553","BID","","2605190","JSE",
"15:45:50","1287","88","1,133","BID","","2605180","JSE",
"15:45:50","1287","180","2,317","BID","","2605170","JSE",
"15:45:50","1287","367","4,723","BID","","2605160","JSE",
"15:44:46","1286","784","10,082","ASK","","2590170","JSE",
"15:44:46","1286","885","11,381","ASK","","2590030","JSE",
"15:44:41","1286","2,352","30,247","ASK","","2589540","JSE",
"15:44:15","1285","427","5,487","ASK","","2586820","JSE",
"15:44:15","1285","814","10,460","BID","","2586790","JSE",
"15:44:15","1285","3,759","48,303","BID","","2586780","JSE",
"15:42:23","1284.5","845","10,854","-","XT","2563450","JSE",
"15:41:39","1285","1,562","20,072","ASK","","2554190","JSE",
"15:41:39","1285","785","10,087","ASK","","2554180","JSE",
"15:41:39","1285","1,562","20,072","ASK","","2554170","JSE",
"15:41:39","1285","2,393","30,750","ASK","","2554160","JSE",
"15:41:39","1285","733","9,419","ASK","","2554150","JSE",
"15:39:01","1285","82","1,054","ASK","","2524570","JSE",
"15:38:52","1286","356","4,578","BID","","2522890","JSE",
"15:38:40","1286","2,434","31,301","ASK","","2520520","JSE",
"15:38:40","1286","2,435","31,314","ASK","","2520510","JSE",
"15:38:40","1286","250","3,215","ASK","","2520500","JSE",
"15:38:23","1286","822","10,571","-","XT","2518380","JSE",
"15:38:10","1286","1,866","23,997","BID","","2517080","JSE",
"15:38:10","1286","1,716","22,068","BID","","2517070","JSE",
"15:38:10","1286","1,008","12,963","BID","","2517060","JSE",
"15:37:37","1286","1","13","BID","","2512170","JSE",
"15:37:37","1286","2","26","BID","","2512160","JSE",
"15:37:37","1286","3","39","BID","","2512150","JSE",
"15:37:37","1286","7","90","BID","","2512140","JSE",
"15:37:37","1286","14","180","BID","","2512120","JSE",
"15:37:37","1286","28","360","BID","","2512110","JSE",
"15:37:37","1286","57","733","BID","","2512100","JSE",
"15:37:37","1286","117","1,505","BID","","2512090","JSE",
"15:37:37","1286","238","3,061","BID","","2512080","JSE",
"15:37:37","1286","486","6,250","BID","","2512070","JSE",
"15:37:37","1286","992","12,757","BID","","2512060","JSE",
"15:36:53","1285","359","4,613","BID","","2502510","JSE",
"15:36:53","1285","713","9,162","BID","","2502500","JSE",
"15:36:53","1285","3,071","39,462","BID","","2502490","JSE",
"15:36:17","1285","5","64","BID","","2495730","JSE",
"15:35:02","1285","31","398","ASK","","2485570","JSE",
"15:35:00","1285","49","630","ASK","","2485030","JSE",
"15:34:49","1285","140","1,799","ASK","","2483190","JSE",
"15:34:47","1285","407","5,230","ASK","","2483060","JSE",
"15:34:45","1285","1,668","21,434","ASK","","2482970","JSE",
"15:34:23","1285","1,000","12,850","-","XT","2480200","JSE",
"15:34:19","1284","341","4,378","ASK","","2479230","JSE",
"15:34:19","1284","1,629","20,916","ASK","","2479220","JSE",
"15:33:52","1285","17","218","ASK","","2473750","JSE",
"15:33:51","1285","525","6,746","ASK","","2473710","JSE",
"15:33:31","1285","942","12,105","-","XT","2470710","JSE",
"15:33:15","1285","1,280","16,448","ASK","","2466460","JSE",
"15:33:10","1285","148","1,902","BID","","2464810","JSE",
"15:33:10","1285","2,687","34,528","BID","","2464800","JSE",
"15:33:10","1285","1,108","14,238","BID","","2464790","JSE",
"15:33:10","1285","1,570","20,175","BID","","2464780","JSE",
"15:32:02","1285","34","437","BID","","2453540","JSE",
"15:32:02","1284","2,396","30,765","BID","","2453530","JSE",
"15:32:02","1284","11,168","143,397","BID","","2453520","JSE",
"15:32:02","1284","3,201","41,101","BID","","2453510","JSE",
"15:32:02","1284","69","886","BID","","2453500","JSE",
"15:32:02","1284","141","1,810","BID","","2453490","JSE",
"15:32:01","1283","55","706","ASK","","2453410","JSE",
"15:32:00","1283","159","2,040","ASK","","2453240","JSE",
"15:30:55","1284","2,926","37,570","BID","","2440340","JSE",
"15:30:55","1284","601","7,717","ASK","","2440330","JSE",
"15:30:55","1284","62","796","ASK","","2440320","JSE",
"15:30:55","1284","952","12,224","ASK","","2440310","JSE",
"15:30:33","1285","2,563","32,935","ASK","","2436400","JSE",
"15:30:33","1285","1,146","14,726","ASK","","2436380","JSE",
"15:30:33","1285","869","11,167","ASK","","2436370","JSE",
"15:29:52","1287","957","12,317","-","XT","2424780","JSE",
"15:29:52","1287","975","12,548","-","XT","2424770","JSE",
"15:29:51","1287","1","13","ASK","","2424750","JSE",
"15:29:51","1287","1,491","19,189","ASK","","2424740","JSE",
"15:29:51","1287","1","13","ASK","","2424730","JSE",
"15:29:51","1287","11,354","146,126","ASK","","2424720","JSE",
"15:29:51","1287","1,675","21,557","ASK","","2424710","JSE",
"15:29:47","1287","129","1,660","BID","","2423290","JSE",
"15:29:35","1286","28","360","ASK","","2419930","JSE",
"15:29:14","1287","90","1,158","BID","","2410940","JSE",
"15:29:07","1286","2,567","33,012","ASK","","2408220","JSE",
"15:29:07","1286","135","1,736","ASK","","2408210","JSE",
"15:29:07","1286","642","8,256","BID","","2408160","JSE",
"15:29:07","1286","1,183","15,213","BID","","2408150","JSE",
"15:29:00","1285","2,571","33,037","ASK","","2404940","JSE",
"15:29:00","1285","2,571","33,037","ASK","","2404930","JSE",
"15:28:48","1285","2,559","32,883","ASK","","2403350","JSE",
"15:28:48","1286","20","257","BID","","2403340","JSE",
"15:28:46","1285","1,231","15,818","ASK","","2403200","JSE",
"15:28:40","1285","2,556","32,845","ASK","","2402720","JSE",
"15:28:35","1285","957","12,297","-","XT","2401520","JSE",
"15:28:34","1284","2,019","25,924","BID","","2401040","JSE",
"15:28:34","1284","204","2,619","BID","","2401030","JSE",
"15:28:34","1284","2,827","36,299","BID","","2401020","JSE",
"15:26:53","1284","923","11,851","BID","","2388130","JSE",
"15:26:28","1283.5","820","10,525","-","XT","2385280","JSE",
"15:26:10","1284","2,114","27,144","BID","","2378450","JSE",
"15:26:10","1284","2,766","35,515","BID","","2378440","JSE",
"15:25:15","1283.5","961","12,334","-","XT","2367270","JSE",
"15:24:59","1284","2,605","33,448","BID","","2364980","JSE",
"15:24:59","1284","2,605","33,448","ASK","","2364970","JSE",
"15:24:59","1284","2,604","33,435","ASK","","2364960","JSE",
"15:24:59","1284","327","4,199","ASK","","2364950","JSE",
"15:24:59","1284","1,080","13,867","BID","","2364940","JSE",
"15:24:59","1284","2,618","33,615","ASK","","2364910","JSE",
"15:24:59","1284","2,057","26,412","ASK","","2364900","JSE",
"15:24:32","1285","3,234","41,557","BID","","2361230","JSE",
"15:24:32","1285","400","5,140","BID","","2361220","JSE",
"15:24:32","1285","1,480","19,018","BID","","2361210","JSE",
"15:24:32","1285","2,170","27,885","BID","","2361200","JSE",
"15:22:56","1284","1,221","15,678","ASK","","2352200","JSE",
"15:22:55","1284","1","13","BID","","2352120","JSE",
"15:22:55","1284","5,230","67,153","BID","","2352110","JSE",
"15:22:55","1284","1,768","22,701","BID","","2352100","JSE",
"15:22:55","1284","6,523","83,755","BID","","2352090","JSE",
"15:22:55","1284","2,012","25,834","BID","","2352080","JSE",
"15:20:12","1283.5","1,217","15,620","-","XT","2326540","JSE",
"15:20:04","1283.5","890","11,423","-","XT","2325980","JSE",
"15:18:16","1283","852","10,931","ASK","","2309470","JSE",
"15:18:15","1283","1,135","14,562","ASK","","2309130","JSE",
"15:18:15","1283","335","4,298","ASK","","2309120","JSE",
"15:18:10","1283","2,281","29,265","ASK","","2308670","JSE",
"15:18:10","1283","1,762","22,606","ASK","","2308660","JSE",
"15:18:02","1283","364","4,670","ASK","","2307810","JSE",
"15:16:38","1284","2","26","BID","","2289710","JSE",
"15:16:38","1284","5","64","ASK","","2289660","JSE",
"15:16:38","1284","3,054","39,213","ASK","","2289650","JSE",
"15:16:38","1284","2,689","34,527","ASK","","2289640","JSE",
"15:16:38","1284","697","8,949","ASK","","2289630","JSE",
"15:16:38","1284","690","8,860","ASK","","2289620","JSE",
"15:16:38","1284","2,785","35,759","ASK","","2289610","JSE",
"15:16:34","1284","1,257","16,140","ASK","","2287930","JSE",
"15:15:57","1285","488","6,271","BID","","2281010","JSE",
"15:14:32","1285","487","6,258","BID","","2267750","JSE",
"15:14:26","1285","487","6,258","BID","","2266250","JSE",
"15:14:24","1285","487","6,258","BID","","2265290","JSE",
"15:12:51","1285","583","7,492","BID","","2252880","JSE",
"15:12:51","1285","1,429","18,363","BID","","2252870","JSE",
"15:12:38","1285","487","6,258","BID","","2250280","JSE",
"15:12:34","1285","487","6,258","BID","","2248830","JSE",
"15:10:45","1284","66","847","ASK","","2238440","JSE",
"15:10:44","1285","487","6,258","BID","","2237530","JSE",
"15:09:52","1285","3,000","38,550","BID","","2230120","JSE",
"15:09:31","1285","487","6,258","BID","","2224700","JSE",
"15:09:26","1285","487","6,258","BID","","2221840","JSE",
"15:08:23","1284.5","933","11,984","-","XT","2213040","JSE",
"15:07:45","1285","1,523","19,571","BID","","2206240","JSE",
"15:07:45","1285","2,400","30,840","BID","","2206230","JSE",
"15:07:45","1285","2,300","29,555","BID","","2206220","JSE",
"15:07:45","1285","1,247","16,024","ASK","","2206210","JSE",
"15:07:45","1285","1,443","18,543","ASK","","2206200","JSE",
"15:07:45","1285","1,247","16,024","ASK","","2206190","JSE",
"15:07:45","1285","1,913","24,582","ASK","","2206180","JSE",
"15:07:44","1285","2,239","28,771","ASK","","2206060","JSE",
"15:07:44","1285","2,694","34,618","ASK","","2205980","JSE",
"15:07:44","1285","4,079","52,415","ASK","","2205970","JSE",
"15:07:44","1285","1,008","12,953","ASK","","2205960","JSE",
"15:06:26","1285.5","836","10,747","-","XT","2197610","JSE",
"15:06:16","1286","487","6,263","BID","","2195430","JSE",
"15:04:34","1285","3,914","50,295","ASK","","2182100","JSE",
"15:04:34","1285","27","347","ASK","","2182090","JSE",
"15:04:30","1286","182","2,341","BID","","2181700","JSE",
"15:04:28","1285","133","1,709","ASK","","2181460","JSE",
"15:04:23","1285.5","811","10,425","-","XT","2180550","JSE",
"15:04:07","1286","487","6,263","BID","","2176890","JSE",
"15:03:21","1286","3","39","BID","","2167770","JSE",
"15:03:06","1285","1,595","20,496","-","XT","2165360","JSE",
"15:02:48","1285","4,083","52,467","BID","","2162980","JSE",
"15:02:48","1285","6,635","85,260","ASK","","2162970","JSE",
"15:02:48","1285","8,763","112,605","ASK","","2162960","JSE",
"15:02:48","1285","2,769","35,582","ASK","","2162950","JSE",
"15:02:48","1285","3,200","41,120","ASK","","2162940","JSE",
"15:02:48","1285","2,769","35,582","ASK","","2162930","JSE",
"15:02:48","1285","996","12,799","BID","","2162920","JSE",
"15:02:48","1285","1,120","14,392","BID","","2162820","JSE",
"15:02:48","1285","5,520","70,932","BID","","2162810","JSE",
"15:02:48","1285","2,319","29,799","BID","","2162800","JSE",
"15:02:43","1285","487","6,258","BID","","2161770","JSE",
"15:00:54","1284","312","4,006","BID","","2146010","JSE",
"15:00:54","1284","488","6,266","BID","","2146000","JSE",
"15:00:29","1284","487","6,253","BID","","2139470","JSE",
"15:00:03","1284","487","6,253","BID","","2132780","JSE",
"15:00:00","1283","1,016","13,035","BID","","2131150","JSE",
"15:00:00","1283","2,773","35,578","BID","","2131140","JSE",
"15:00:00","1283","156","2,001","BID","","2131130","JSE",
"15:00:00","1283","2,013","25,827","BID","","2131120","JSE",
"15:00:00","1283","408","5,235","BID","","2131110","JSE",
"14:59:32","1282","101","1,295","ASK","","2124140","JSE",
"14:59:23","1282.5","972","12,466","-","XT","2123000","JSE",
"14:58:25","1283","4,000","51,320","BID","","2111280","JSE",
"14:58:18","1282","402","5,154","ASK","","2110420","JSE",
"14:58:18","1282","614","7,871","ASK","","2110410","JSE",
"14:58:12","1282","361","4,628","ASK","","2109610","JSE",
"14:58:10","1282","104","1,333","ASK","","2108970","JSE",
"14:58:10","1282","2,141","27,448","ASK","","2108960","JSE",
"14:56:59","1284","24","308","BID","","2097290","JSE",
"14:56:13","1283","16","205","ASK","","2091230","JSE",
"14:56:13","1283","25","321","ASK","","2091220","JSE",
"14:56:11","1283","75","962","ASK","","2091020","JSE",
"14:56:10","1283","140","1,796","ASK","","2090890","JSE",
"14:56:09","1283","598","7,672","ASK","","2090750","JSE",
"14:56:08","1283","678","8,699","ASK","","2090610","JSE",
"14:56:08","1283","1,126","14,447","ASK","","2090600","JSE",
"14:56:07","1283","2,002","25,686","ASK","","2090050","JSE",
"14:56:07","1283","1,491","19,130","ASK","","2090040","JSE",
"14:56:07","1283","957","12,278","ASK","","2090030","JSE",
"14:56:01","1285","52","668","BID","","2087400","JSE",
"14:56:01","1285","435","5,590","BID","","2087390","JSE",
"14:55:47","1284","5,111","65,625","BID","","2084290","JSE",
"14:55:46","1284","1,590","20,416","BID","","2084220","JSE",
"14:55:46","1284","10,275","131,931","BID","","2084210","JSE",
"14:55:46","1284","9,472","121,620","BID","","2084200","JSE",
"14:55:46","1284","9,037","116,035","BID","","2084150","JSE",
"14:55:46","1284","435","5,585","BID","","2084140","JSE",
"14:55:45","1283","4,169","53,488","ASK","","2083620","JSE",
"14:55:31","1283","816","10,469","BID","","2081520","JSE",
"14:55:31","1283","6,242","80,085","BID","","2081500","JSE",
"14:55:31","1283","5,013","64,317","BID","","2081490","JSE",
"14:55:30","1283","5,972","76,621","BID","","2081470","JSE",
"14:55:30","1283","3,742","48,010","BID","","2081460","JSE",
"14:55:30","1283","1,590","20,400","BID","","2081450","JSE",
"14:55:30","1283","2,357","30,240","BID","","2081440","JSE",
"14:55:30","1283","14,754","189,294","BID","","2081430","JSE",
"14:55:29","1283","45,246","580,506","BID","","2081400","JSE",
"14:55:29","1283","3,190","40,928","BID","","2081390","JSE",
"14:55:29","1283","1,849","23,723","BID","","2081380","JSE",
"14:55:29","1283","712","9,135","BID","","2081370","JSE",
"14:55:29","1283","3,000","38,490","BID","","2081360","JSE",
"14:55:25","1282","1,314","16,845","BID","","2081230","JSE",
"14:55:25","1282","1,876","24,050","BID","","2081220","JSE",
"14:55:25","1282","2,900","37,178","BID","","2081210","JSE",
"14:55:25","1282","6,545","83,907","BID","","2081200","JSE",
"14:55:25","1282","500","6,410","BID","","2081190","JSE",
"14:55:01","1282","549","7,038","BID","","2078490","JSE",
"14:55:01","1282","9,366","120,072","BID","","2078420","JSE",
"14:55:01","1282","492","6,307","BID","","2078410","JSE",
"14:55:00","1282","3,391","43,473","BID","","2078400","JSE",
"14:55:00","1282","3,000","38,460","BID","","2078390","JSE",
"14:55:00","1282","6,936","88,920","BID","","2078380","JSE",
"14:55:00","1282","1,590","20,384","BID","","2078370","JSE",
"14:55:00","1282","2,553","32,729","BID","","2078360","JSE",
"14:55:00","1282","634","8,128","BID","","2078350","JSE",
"14:55:00","1282","15,547","199,313","BID","","2078330","JSE",
"14:55:00","1282","1,940","24,871","BID","","2078320","JSE",
"14:55:00","1282","4,229","54,216","BID","","2078310","JSE",
"14:55:00","1282","500","6,410","BID","","2078300","JSE",
"14:54:31","1281","824","10,555","ASK","","2075780","JSE",
"14:54:30","1281","686","8,788","ASK","","2075740","JSE",
"14:54:30","1281","1,357","17,383","ASK","","2075730","JSE",
"14:54:23","1281.5","983","12,597","-","XT","2074640","JSE",
"14:52:52","1282","487","6,243","BID","","2058120","JSE",
"14:52:11","1281","2,012","25,774","ASK","","2051850","JSE",
"14:52:11","1281","3,100","39,711","ASK","","2051840","JSE",
"14:52:11","1281","3,600","46,116","ASK","","2051830","JSE",
"14:51:50","1284","4,200","53,928","BID","","2047540","JSE",
"14:51:50","1284","744","9,553","BID","","2047530","JSE",
"14:51:50","1283","1,921","24,646","BID","","2047520","JSE",
"14:51:50","1282","1,100","14,102","BID","","2047510","JSE",
"14:51:50","1282","3,000","38,460","BID","","2047500","JSE",
"14:51:50","1282","2,644","33,896","BID","","2047490","JSE",
"14:51:50","1281","591","7,571","BID","","2047480","JSE",
"14:51:46","1281","487","6,238","BID","","2044230","JSE",
"14:51:26","1280.5","1,555","19,912","-","XT","2040240","JSE",
"14:50:26","1280","4,442","56,858","BID","","2034210","JSE",
"14:50:26","1280","1,169","14,963","BID","","2034200","JSE",
"14:50:26","1280","2,233","28,582","BID","","2034190","JSE",
"14:50:26","1280","1,056","13,517","BID","","2034180","JSE",
"14:50:17","1280","487","6,234","BID","","2031240","JSE",
"14:50:05","1280","487","6,234","BID","","2029150","JSE",
"14:49:57","1280","1,916","24,525","BID","","2027500","JSE",
"14:49:56","1280","2,830","36,224","ASK","","2027430","JSE",
"14:49:56","1280","193","2,470","ASK","","2027420","JSE",
"14:49:56","1280","445","5,696","ASK","","2027330","JSE",
"14:49:23","1280.5","927","11,870","-","XT","2023850","JSE",
"14:49:18","1280","2,012","25,754","ASK","","2023440","JSE",
"14:49:18","1280","60","768","ASK","","2023420","JSE",
"14:49:16","1280","3,995","51,136","BID","","2023360","JSE",
"14:49:16","1280","4,042","51,738","BID","","2023350","JSE",
"14:49:16","1280","803","10,278","ASK","","2023320","JSE",
"14:49:16","1280","1,727","22,106","ASK","","2023310","JSE",
"14:49:16","1280","68","870","ASK","","2023300","JSE",
"14:49:15","1280","106","1,357","ASK","","2023220","JSE",
"14:49:14","1280","326","4,173","ASK","","2023120","JSE",
"14:49:14","1280","2","26","ASK","","2023110","JSE",
"14:49:12","1280","821","10,509","ASK","","2023080","JSE",
"14:49:11","1280","1,707","21,850","ASK","","2022830","JSE",
"14:48:45","1281","1,625","20,816","ASK","","2020470","JSE",
"14:48:45","1281","7,623","97,651","ASK","","2020460","JSE",
"14:48:45","1281","637","8,160","ASK","","2020450","JSE",
"14:48:45","1281","376","4,817","ASK","","2020440","JSE",
"14:47:59","1282","487","6,243","BID","","2012110","JSE",
"14:47:36","1282","487","6,243","BID","","2008180","JSE",
"14:47:32","1282","487","6,243","BID","","2006050","JSE",
"14:47:32","1282","487","6,243","BID","","2005420","JSE",
"14:47:31","1282","487","6,243","BID","","2004110","JSE",
"14:47:23","1282","427","5,474","BID","","2002010","JSE",
"14:47:23","1282","61","782","BID","","2002000","JSE",
"14:47:15","1282","487","6,243","BID","","1998550","JSE",
"14:47:07","1282","487","6,243","BID","","1996180","JSE",
"14:47:01","1282","487","6,243","BID","","1995270","JSE",
"14:45:57","1282","298","3,820","BID","","1983680","JSE",
"14:45:57","1282","189","2,423","BID","","1983670","JSE",
"14:44:23","1281","916","11,734","-","XT","1971770","JSE",
"14:44:05","1283","487","6,248","BID","","1968330","JSE",
"14:43:03","1281","451","5,777","ASK","","1958710","JSE",
"14:43:03","1281","3,049","39,058","ASK","","1958700","JSE",
"14:43:03","1281","3,049","39,058","ASK","","1958660","JSE",
"14:43:03","1282","187","2,397","BID","","1958630","JSE",
"14:43:03","1282","300","3,846","BID","","1958620","JSE",
"14:43:02","1281","3,047","39,032","ASK","","1957990","JSE",
"14:43:02","1281","3","38","ASK","","1957980","JSE",
"14:42:59","1281","6","77","ASK","","1957830","JSE",
"14:42:58","1281","12","154","ASK","","1957510","JSE",
"14:42:06","1281","3,070","39,327","ASK","","1951210","JSE",
"14:41:26","1281","848","10,863","-","XT","1944590","JSE",
"14:40:07","1280","8","102","ASK","","1933870","JSE",
"14:40:07","1280","168","2,150","BID","","1933810","JSE",
"14:40:07","1280","367","4,698","BID","","1933800","JSE",
"14:40:07","1280","749","9,587","BID","","1933790","JSE",
"14:40:06","1280","10,246","131,149","BID","","1933650","JSE",
"14:40:06","1280","854","10,931","BID","","1933640","JSE",
"14:39:46","1279.5","1,616","20,677","-","XT","1928000","JSE",
"14:39:29","1280","487","6,234","BID","","1921820","JSE",
"14:39:28","1280","2,493","31,910","BID","","1921430","JSE",
"14:39:28","1280","712","9,114","BID","","1921420","JSE",
"14:39:28","1279","1,961","25,081","ASK","","1921390","JSE",
"14:39:23","1279","877","11,217","-","XT","1920520","JSE",
"14:38:41","1280","718","9,190","BID","","1914490","JSE",
"14:38:41","1280","1,956","25,037","BID","","1914480","JSE",
"14:38:41","1280","223","2,854","BID","","1914470","JSE",
"14:38:41","1279","4,888","62,518","BID","","1914450","JSE",
"14:38:41","1279","986","12,611","ASK","","1914410","JSE",
"14:38:22","1280","3,417","43,738","BID","","1910980","JSE",
"14:38:22","1280","3,025","38,720","BID","","1910930","JSE",
"14:38:22","1279","15","192","ASK","","1910870","JSE",
"14:38:21","1279","53","678","ASK","","1910540","JSE",
"14:38:20","1279","104","1,330","ASK","","1910320","JSE",
"14:38:19","1280","1,884","24,115","BID","","1910270","JSE",
"14:38:19","1280","2,329","29,811","BID","","1910260","JSE",
"14:38:19","1279","270","3,453","ASK","","1910240","JSE",
"14:38:18","1279","469","5,999","ASK","","1909980","JSE",
"14:38:16","1279","1,092","13,967","ASK","","1909780","JSE",
"14:38:16","1279","1,018","13,020","ASK","","1909770","JSE",
"14:38:15","1280","2,185","27,968","BID","","1909410","JSE",
"14:38:15","1280","700","8,960","BID","","1909400","JSE",
"14:36:54","1280","1,119","14,323","BID","","1898500","JSE",
"14:36:50","1280","752","9,626","BID","","1897550","JSE",
"14:36:36","1279","5,593","71,534","BID","","1895640","JSE",
"14:36:36","1279","1,521","19,454","BID","","1895630","JSE",
"14:36:36","1279","3,968","50,751","BID","","1895620","JSE",
"14:34:51","1279","4,471","57,184","BID","","1879160","JSE",
"14:34:23","1279","863","11,038","-","XT","1876080","JSE",
"14:33:07","1280","5,026","64,333","BID","","1864700","JSE",
"14:33:07","1280","952","12,186","BID","","1864670","JSE",
"14:33:07","1280","478","6,118","BID","","1864660","JSE",
"14:32:59","1280","2,490","31,872","BID","","1864010","JSE",
"14:32:59","1279","3,546","45,353","BID","","1864000","JSE",
"14:32:59","1279","1,243","15,898","BID","","1863990","JSE",
"14:32:58","1279","4,827","61,737","ASK","","1863830","JSE",
"14:32:58","1279","1,572","20,106","ASK","","1863820","JSE",
"14:32:58","1279","742","9,490","ASK","","1863810","JSE",
"14:32:58","1279","5,179","66,239","ASK","","1863800","JSE",
"14:32:58","1279","7,068","90,400","ASK","","1863790","JSE",
"14:32:58","1279","1,678","21,462","ASK","","1863780","JSE",
"14:32:58","1279","3,270","41,823","ASK","","1863770","JSE",
"14:32:56","1280","1,783","22,822","BID","","1863630","JSE",
"14:32:56","1280","1,377","17,626","BID","","1863620","JSE",
"14:32:56","1280","4,357","55,770","BID","","1863570","JSE",
"14:31:54","1280","2,815","36,032","BID","","1857700","JSE",
"14:31:54","1280","323","4,134","BID","","1857660","JSE",
"14:31:54","1280","1,891","24,205","BID","","1857650","JSE",
"14:31:54","1280","3,209","41,075","BID","","1857640","JSE",
"14:30:54","1280","5,340","68,352","BID","","1849590","JSE",
"14:30:04","1279","919","11,754","-","XT","1842540","JSE",
"14:29:12","1279","5,269","67,391","ASK","","1836400","JSE",
"14:29:11","1280","155","1,984","BID","","1836350","JSE",
"14:29:11","1280","8,549","109,427","BID","","1836340","JSE",
"14:29:10","1278","733","9,368","BID","","1836200","JSE",
"14:29:10","1278","1,173","14,991","BID","","1836190","JSE",
"14:26:26","1277.5","1,604","20,491","-","XT","1815260","JSE",
"14:25:54","1278","300","3,834","BID","","1812610","JSE",
"14:24:34","1278","356","4,550","BID","","1804850","JSE",
"14:23:23","1277.5","903","11,536","-","XT","1797290","JSE",
"14:23:05","1277","5,135","65,574","BID","","1794030","JSE",
"14:23:05","1277","3,331","42,537","BID","","1794020","JSE",
"14:23:05","1277","10,423","133,102","BID","","1794010","JSE",
"14:22:17","1277","2,165","27,647","BID","","1786580","JSE",
"14:22:17","1277","856","10,931","BID","","1786570","JSE",
"14:22:17","1277","1,163","14,852","ASK","","1786530","JSE",
"14:22:17","1277","5,176","66,098","ASK","","1786520","JSE",
"14:22:17","1277","2,507","32,014","ASK","","1786510","JSE",
"14:21:32","1277","362","4,623","ASK","","1781570","JSE",
"14:21:19","1278","487","6,224","BID","","1777880","JSE",
"14:21:17","1278","2,713","34,672","BID","","1776950","JSE",
"14:21:17","1278","487","6,224","BID","","1776260","JSE",
"14:20:43","1278","3,497","44,692","BID","","1771400","JSE",
"14:19:11","1278","487","6,224","BID","","1763330","JSE",
"14:18:42","1278","2,994","38,263","BID","","1757550","JSE",
"14:17:49","1278","672,185","8,590,524","-","BT","1602","JSE",
"14:17:23","1278","883","11,285","-","XT","1749430","JSE",
"14:17:14","1279","2,767","35,390","BID","","1748250","JSE",
"14:17:14","1279","487","6,229","BID","","1747670","JSE",
"14:16:05","1279","884","11,306","BID","","1739650","JSE",
"14:16:05","1279","1,393","17,816","BID","","1739640","JSE",
"14:16:05","1279","876","11,204","BID","","1739630","JSE",
"14:14:25","1279","1,212","15,501","BID","","1726720","JSE",
"14:14:25","1279","1,868","23,892","BID","","1726710","JSE",
"14:12:50","1279","2,783","35,595","BID","","1717430","JSE",
"14:12:50","1279","307","3,927","BID","","1717420","JSE",
"14:11:26","1278","4,452","56,897","-","XT","1706700","JSE",
"14:11:26","1278","813","10,390","-","XT","1706690","JSE",
"14:11:23","1278","890","11,374","-","XT","1706110","JSE",
"14:11:11","1279","630","8,058","BID","","1702920","JSE",
"14:11:11","1279","2,511","32,116","BID","","1702910","JSE",
"14:11:11","1277","159","2,030","ASK","","1702760","JSE",
"14:11:11","1278","2,681","34,263","ASK","","1702750","JSE",
"14:11:11","1278","1,700","21,726","ASK","","1702740","JSE",
"14:11:11","1278","2,616","33,432","ASK","","1702730","JSE",
"14:11:11","1278","344","4,396","ASK","","1702720","JSE",
"14:11:10","1279","2,681","34,290","ASK","","1702560","JSE",
"14:11:10","1280","4,226","54,093","BID","","1702550","JSE",
"14:11:10","1280","6,463","82,726","BID","","1702540","JSE",
"14:11:10","1279","2,681","34,290","ASK","","1702520","JSE",
"14:11:10","1280","1,086","13,901","BID","","1702510","JSE",
"14:11:10","1279","5,973","76,395","BID","","1702500","JSE",
"14:11:10","1280","1,000","12,800","BID","","1702490","JSE",
"14:11:10","1278","972","12,422","ASK","","1702470","JSE",
"14:11:10","1279","6,528","83,493","ASK","","1702460","JSE",
"14:11:09","1280","1,212","15,514","BID","","1702430","JSE",
"14:11:09","1280","7,337","93,914","BID","","1702420","JSE",
"14:11:09","1280","7,898","101,094","ASK","","1702400","JSE",
"14:11:09","1280","651","8,333","ASK","","1702390","JSE",
"14:11:09","1280","8,549","109,427","ASK","","1702380","JSE",
"14:11:09","1280","765","9,792","BID","","1702340","JSE",
"14:11:09","1280","5,423","69,414","BID","","1702330","JSE",
"14:11:09","1280","3,126","40,013","BID","","1702220","JSE",
"14:11:08","1279","970","12,406","BID","","1701530","JSE",
"14:11:08","1279","2,293","29,327","BID","","1701520","JSE",
"14:10:53","1279","207","2,648","BID","","1698460","JSE",
"14:10:53","1279","2,414","30,875","BID","","1698450","JSE",
"14:10:52","1278","2,766","35,349","BID","","1698250","JSE",
"14:10:52","1278","290","3,706","BID","","1698240","JSE",
"14:10:44","1278","286","3,655","BID","","1697060","JSE",
"14:10:44","1278","157","2,006","BID","","1697050","JSE",
"14:10:44","1278","2,088","26,685","BID","","1697040","JSE",
"14:09:10","1278","488","6,237","BID","","1688530","JSE",
"14:07:35","1278","564","7,208","BID","","1679490","JSE",
"14:07:35","1278","502","6,416","BID","","1679480","JSE",
"14:07:35","1278","2,658","33,969","BID","","1679470","JSE",
"14:05:23","1277.5","922","11,779","-","XT","1667130","JSE",
"14:04:42","1278","9","115","BID","","1662250","JSE",
"14:04:20","1278","487","6,224","BID","","1658280","JSE",
"14:04:03","1278","487","6,224","BID","","1655770","JSE",
"14:03:42","1278","2,167","27,694","BID","","1652230","JSE",
"14:03:42","1278","921","11,770","BID","","1652220","JSE",
"14:03:41","1278","8","102","BID","","1651980","JSE",
"14:03:32","1277.5","1,049","13,401","-","XT","1650830","JSE",
"14:01:58","1277","877","11,199","BID","","1643250","JSE",
"14:01:57","1277","941","12,017","ASK","","1643080","JSE",
"14:01:57","1277","3,500","44,695","ASK","","1643070","JSE",
"14:01:57","1277","2,823","36,050","ASK","","1643060","JSE",
"14:01:56","1278","2,547","32,551","BID","","1643010","JSE",
"14:01:56","1277","4,900","62,573","BID","","1642940","JSE",
"14:01:56","1277","717","9,156","ASK","","1642920","JSE",
"14:01:56","1277","1,902","24,289","ASK","","1642910","JSE",
"14:01:56","1277","5,447","69,558","ASK","","1642900","JSE",
"14:01:56","1277","1,934","24,697","ASK","","1642890","JSE",
"14:01:04","1278","1","13","BID","","1637730","JSE",
"14:01:04","1278","2","26","BID","","1637720","JSE",
"14:01:04","1278","3","38","BID","","1637710","JSE",
"14:01:04","1278","7","89","BID","","1637700","JSE",
"14:01:04","1278","14","179","BID","","1637690","JSE",
"14:01:04","1278","29","371","BID","","1637680","JSE",
"14:01:04","1278","59","754","BID","","1637670","JSE",
"14:01:04","1278","120","1,534","BID","","1637660","JSE",
"14:01:04","1278","245","3,131","BID","","1637650","JSE",
"14:01:04","1278","499","6,377","BID","","1637640","JSE",
"14:00:40","1278","487","6,224","BID","","1632560","JSE",
"14:00:40","1278","487","6,224","BID","","1631210","JSE",
"14:00:34","1278","487","6,224","BID","","1630160","JSE",
"14:00:12","1277.5","1,807","23,084","-","XT","1626480","JSE",
"14:00:12","1277.5","972","12,417","-","XT","1626470","JSE",
"14:00:11","1278","487","6,224","BID","","1625880","JSE",
"14:00:00","1278","487","6,224","BID","","1623470","JSE",
"13:59:14","1277","66","843","ASK","","1617190","JSE",
"13:59:14","1277","863","11,021","ASK","","1617180","JSE",
"13:58:48","1277","1,694","21,632","ASK","","1614540","JSE",
"13:58:47","1278","320","4,090","ASK","","1614530","JSE",
"13:58:47","1278","4,331","55,350","ASK","","1614520","JSE",
"13:58:47","1278","432","5,521","ASK","","1614510","JSE",
"13:58:47","1278","1,372","17,534","ASK","","1614500","JSE",
"13:58:46","1278","1,682","21,496","ASK","","1614490","JSE",
"13:58:15","1279","487","6,229","BID","","1608790","JSE",
"13:57:53","1279","487","6,229","BID","","1604230","JSE",
"13:57:43","1279","487","6,229","BID","","1602820","JSE",
"13:57:38","1279","487","6,229","BID","","1601370","JSE",
"13:57:27","1279","487","6,229","BID","","1598620","JSE",
"13:56:46","1278","351","4,486","ASK","","1594510","JSE",
"13:56:46","1278","604","7,719","ASK","","1594500","JSE",
"13:56:35","1279","1,463","18,712","ASK","","1593780","JSE",
"13:56:34","1278","913","11,668","ASK","","1593710","JSE",
"13:56:20","1280","488","6,246","BID","","1591550","JSE",
"13:56:04","1279","442","5,653","ASK","","1589210","JSE",
"13:56:03","1279","1,327","16,972","ASK","","1589190","JSE",
"13:55:59","1279","737","9,426","ASK","","1588570","JSE",
"13:55:44","1278","14","179","ASK","","1584850","JSE",
"13:55:19","1279","2,183","27,921","ASK","","1580960","JSE",
"13:54:44","1279","14","179","ASK","","1577240","JSE",
"13:54:16","1279","171","2,187","ASK","","1571350","JSE",
"13:54:15","1280","512","6,554","BID","","1570740","JSE",
"13:53:30","1279","162","2,072","ASK","","1563910","JSE",
"13:53:29","1280","487","6,234","BID","","1562970","JSE",
"13:53:23","1279.5","900","11,516","-","XT","1561940","JSE",
"13:51:52","1279.5","1,639","20,971","-","XT","1554420","JSE",
"13:51:39","1280","736","9,421","BID","","1553740","JSE",
"13:51:39","1280","2,354","30,131","BID","","1553730","JSE",
"13:51:39","1279","4,290","54,869","ASK","","1553720","JSE",
"13:51:39","1279","1,045","13,366","ASK","","1553710","JSE",
"13:51:39","1279","3,000","38,370","ASK","","1553700","JSE",
"13:51:39","1279","1,665","21,295","ASK","","1553690","JSE",
"13:51:06","1280","2,541","32,525","BID","","1552340","JSE",
"13:51:06","1280","3,908","50,022","BID","","1552320","JSE",
"13:51:06","1280","667","8,538","BID","","1552310","JSE",
"13:51:06","1280","2,608","33,382","ASK","","1552300","JSE",
"13:51:06","1280","2,530","32,384","ASK","","1552290","JSE",
"13:51:06","1280","6,083","77,862","ASK","","1552280","JSE",
"13:50:27","1281","513","6,572","BID","","1547650","JSE",
"13:48:37","1280","42","538","ASK","","1534330","JSE",
"13:48:30","1280","986","12,621","ASK","","1534060","JSE",
"13:48:24","1280.5","835","10,692","-","XT","1533460","JSE",
"13:44:46","1280.5","1,117","14,303","-","XT","1518060","JSE",
"13:44:36","1280","261","3,341","ASK","","1517700","JSE",
"13:43:32","1280.5","2,199","28,158","-","XT","1513720","JSE",
"13:43:32","1280.5","990","12,677","-","XT","1513710","JSE",
"13:43:32","1280.5","1,117","14,303","-","XT","1513700","JSE",
"13:43:23","1280","3,200","40,960","BID","","1512750","JSE",
"13:43:23","1280","7,738","99,046","BID","","1512740","JSE",
"13:43:23","1280","1,690","21,632","BID","","1512730","JSE",
"13:43:04","1279","241","3,082","ASK","","1510930","JSE",
"13:43:04","1279","2,734","34,968","ASK","","1510890","JSE",
"13:43:04","1279","2,734","34,968","ASK","","1510870","JSE",
"13:43:04","1279","6,834","87,407","ASK","","1510860","JSE",
"13:43:04","1279","1,104","14,120","ASK","","1510850","JSE",
"13:43:04","1279","261","3,338","ASK","","1510720","JSE",
"13:43:03","1280","1,733","22,182","ASK","","1510070","JSE",
"13:43:03","1280","6,878","88,038","ASK","","1510060","JSE",
"13:43:03","1280","1,050","13,440","ASK","","1510050","JSE",
"13:43:03","1280","2,576","32,973","ASK","","1510040","JSE",
"13:43:03","1280","3,938","50,406","ASK","","1510010","JSE",
"13:36:27","1281","487","6,238","BID","","1477590","JSE",
"13:33:44","1280","293","3,750","BID","","1462730","JSE",
"13:33:44","1280","2,064","26,419","BID","","1462720","JSE",
"13:33:44","1280","1,706","21,837","BID","","1462710","JSE",
"13:33:44","1280","1,453","18,598","BID","","1462700","JSE",
"13:33:44","1280","1,588","20,326","BID","","1462690","JSE",
"13:31:52","1279.5","3,721","47,610","-","XT","1454540","JSE",
"13:31:44","1279.5","846","10,825","-","XT","1453990","JSE",
"13:28:43","1279","1,114","14,248","ASK","","1440910","JSE",
"13:24:23","1279","873","11,166","ASK","","1419060","JSE",
"13:22:02","1280","526","6,733","BID","","1409280","JSE",
"13:21:00","1280","67","858","ASK","","1404420","JSE",
"13:21:00","1280","71","909","ASK","","1404410","JSE",
"13:20:59","1280","202","2,586","ASK","","1404370","JSE",
"13:20:58","1280","383","4,902","ASK","","1404090","JSE",
"13:20:57","1280","1,048","13,414","ASK","","1404080","JSE",
"13:20:57","1280","270","3,456","ASK","","1404070","JSE",
"13:20:56","1280","2,961","37,901","ASK","","1403960","JSE",
"13:20:00","1280","933","11,942","ASK","","1399010","JSE",
"13:17:03","1282","383","4,910","BID","","1387170","JSE",
"13:17:03","1281","808","10,350","ASK","","1387140","JSE",
"13:17:03","1282","2,474","31,717","BID","","1387110","JSE",
"13:15:54","1282","1,947","24,961","ASK","","1379910","JSE",
"13:15:42","1283","1,164","14,934","BID","","1378650","JSE",
"13:15:41","1281","383","4,906","ASK","","1378560","JSE",
"13:15:41","1281","804","10,299","ASK","","1378550","JSE",
"13:15:04","1282","862","11,051","-","XT","1376080","JSE",
"13:14:26","1283","487","6,248","BID","","1372430","JSE",
"13:14:22","1283","487","6,248","BID","","1371370","JSE",
"13:14:01","1283","487","6,248","BID","","1369170","JSE",
"13:13:52","1283","487","6,248","BID","","1367460","JSE",
"13:13:35","1283","487","6,248","BID","","1365840","JSE",
"13:12:48","1282","249","3,192","ASK","","1362900","JSE",
"13:12:08","1282","2,803","35,934","ASK","","1357300","JSE",
"13:12:08","1283","487","6,248","BID","","1357280","JSE",
"13:07:52","1282","2,713","34,781","ASK","","1330260","JSE",
"13:07:12","1282","142","1,820","BID","","1326760","JSE",
"13:07:12","1282","499","6,397","BID","","1326750","JSE",
"13:07:09","1282","487","6,243","BID","","1326250","JSE",
"13:06:42","1282","3,720","47,690","BID","","1323270","JSE",
"13:06:16","1282","487","6,243","BID","","1318660","JSE",
"13:06:12","1282","487","6,243","BID","","1316640","JSE",
"13:06:07","1282","1,404","17,999","BID","","1315900","JSE",
"13:06:07","1282","712","9,128","BID","","1315890","JSE",
"13:06:06","1282","6,388","81,894","BID","","1315840","JSE",
"13:05:34","1281","841","10,773","ASK","","1313230","JSE",
"13:04:04","1282","2,812","36,050","ASK","","1305240","JSE",
"13:03:24","1283","488","6,261","BID","","1301940","JSE",
"13:03:12","1282","2,058","26,384","ASK","","1301260","JSE",
"13:03:12","1282","2,791","35,781","ASK","","1301160","JSE",
"13:02:56","1283","487","6,248","BID","","1299700","JSE",
"13:02:42","1283","487","6,248","BID","","1298040","JSE",
"13:02:38","1283","487","6,248","BID","","1297070","JSE",
"13:02:36","1283","487","6,248","BID","","1295980","JSE",
"13:02:23","1283","487","6,248","BID","","1294020","JSE",
"13:02:15","1283","487","6,248","BID","","1292770","JSE",
"13:02:06","1282","1,399","17,935","ASK","","1292080","JSE",
"13:01:48","1281","1","13","ASK","","1290650","JSE",
"13:01:40","1283","487","6,248","BID","","1289080","JSE",
"13:01:26","1282","1,345","17,243","BID","","1287010","JSE",
"13:01:17","1282","427","5,474","BID","","1284320","JSE",
"13:01:13","1281","60","769","BID","","1281900","JSE",
"13:01:08","1279.5","1,262","16,147","-","XT","1278400","JSE",
"13:01:08","1280","8,049","103,027","BID","","1277200","JSE",
"13:01:08","1280","7,951","101,773","BID","","1277190","JSE",
"13:01:08","1280","487","6,234","BID","","1277180","JSE",
"13:00:41","1280","1,189","15,219","BID","","1273680","JSE",
"13:00:41","1280","2,300","29,440","BID","","1273670","JSE",
"13:00:41","1280","917","11,738","ASK","","1273650","JSE",
"13:00:41","1280","3,747","47,962","ASK","","1273640","JSE",
"13:00:41","1280","7,254","92,851","ASK","","1273630","JSE",
"13:00:41","1280","6,886","88,141","ASK","","1273620","JSE",
"13:00:41","1280","14,189","181,619","ASK","","1273590","JSE",
"13:00:40","1280","1","13","ASK","","1273210","JSE",
"12:59:48","1282","472","6,051","BID","","1265500","JSE",
"12:59:48","1282","324","4,154","BID","","1265490","JSE",
"12:59:48","1282","1,083","13,884","BID","","1265480","JSE",
"12:59:48","1281","943","12,080","ASK","","1265460","JSE",
"12:59:48","1281","7,643","97,907","ASK","","1265450","JSE",
"12:57:52","1282","487","6,243","BID","","1250650","JSE",
"12:57:06","1282","2,614","33,511","BID","","1247590","JSE",
"12:56:48","1281.5","982","12,584","-","XT","1246470","JSE",
"12:55:49","1282","487","6,243","BID","","1242040","JSE",
"12:55:23","1281","6,555","83,970","BID","","1239360","JSE",
"12:55:23","1281","2,594","33,229","BID","","1239350","JSE",
"12:55:23","1281","1","13","BID","","1239340","JSE",
"12:55:23","1281","4,717","60,425","BID","","1239330","JSE",
"12:55:23","1281","3,297","42,235","BID","","1239320","JSE",
"12:55:23","1281","8,177","104,747","BID","","1239310","JSE",
"12:55:23","1281","4,068","52,111","BID","","1239300","JSE",
"12:55:23","1281","487","6,238","BID","","1238710","JSE",
"12:54:13","1280","404","5,171","ASK","","1233240","JSE",
"12:54:13","1280","483","6,182","ASK","","1233230","JSE",
"12:54:09","1281","475","6,085","BID","","1231690","JSE",
"12:53:28","1281","4,592","58,824","ASK","","1227110","JSE",
"12:53:28","1281","435","5,572","ASK","","1227100","JSE",
"12:53:26","1282","5","64","ASK","","1226840","JSE",
"12:53:24","1282","8","103","ASK","","1226790","JSE",
"12:53:23","1282","18","231","ASK","","1226730","JSE",
